Age,Gender,Platforms Used,Time Spent (hrs),Underage
51,Male,Twitter,0.727012306957187,False
41,Male,YouTube; Twitter,6.837400331074108,False
27,Female,YouTube,5.044448247273563,False
55,Male,Snapchat; Instagram,5.977889104316402,False
20,Male,Instagram,1.675341366574834,False
33,Female,Snapchat; Instagram,4.296667644720828,False
51,Male,Twitter; Facebook,5.897753788570438,False
31,Male,YouTube; Instagram,5.0185130960821,False
35,Female,Instagram; Snapchat,3.773590135129676,False
23,Female,Instagram; Twitter,7.678270291501718,False
23,Female,Snapchat; Facebook,5.4092586676275625,False
36,Other,Snapchat; YouTube,7.262006401929903,False
48,Other,YouTube; Snapchat,5.83816409258945,False
52,Female,Snapchat; YouTube,5.883708228781465,False
36,Female,Facebook,0.6401461580614347,False
15,Female,Facebook; Twitter,2.8757169748315485,True
34,Other,YouTube,6.866955253757268,False
14,Other,Facebook,1.8608308971900476,True
36,Male,Instagram,0.9240469292517295,False
56,Male,Facebook; Twitter,2.6088484531103475,False
42,Female,Snapchat; Instagram,1.7635030791409116,False
50,Other,Twitter; Facebook,7.402305558345241,False
14,Other,Twitter; Snapchat,6.943733136017049,True
33,Other,Snapchat; Facebook,3.9974658422632334,False
45,Female,Facebook,0.4907509958709442,False
24,Male,YouTube,5.71649876874525,False
34,Female,YouTube; Instagram,4.987293850690117,False
56,Male,Facebook,7.764437365827967,False
37,Male,Snapchat,4.471625922163016,False
39,Female,Twitter; Facebook,2.6911497872232752,False
54,Male,Snapchat,4.152173548628446,False
40,Male,Facebook; Snapchat,7.83410633123613,False
28,Other,Facebook; YouTube,5.570899460264244,False
27,Male,Instagram; Twitter,5.375809103416409,False
59,Female,YouTube; Snapchat,1.925452717807083,False
56,Female,Twitter; YouTube,5.9488201404849415,False
15,Male,Snapchat,6.002174635774174,True
49,Other,Twitter,2.5383118702072425,False
19,Other,Twitter,3.8697106591257056,False
33,Male,Twitter,2.3568266635236483,False
21,Male,Instagram,2.0696405625942935,False
51,Female,Instagram; Facebook,0.20716856199588118,False
30,Male,YouTube,2.281693957226657,False
16,Other,Snapchat,4.431759599026199,True
37,Male,Facebook,0.01280950039223061,False
26,Female,Snapchat,2.2657526704773394,False
21,Female,Facebook,7.0512826585860005,False
38,Female,Snapchat; Twitter,4.749188680858887,False
14,Female,Instagram,4.862902592647844,True
32,Female,YouTube; Snapchat,3.226914440210826,False
40,Male,Facebook,5.411777147939288,False
59,Male,Instagram; Twitter,1.5194621298428732,False
19,Male,Twitter; Snapchat,6.549974483073533,False
56,Male,Twitter,0.9335129594871985,False
20,Female,Twitter; Instagram,5.248010837224874,False
59,Other,Facebook,2.7291946065574644,False
47,Male,Instagram; Twitter,5.980103764659814,False
26,Other,YouTube; Facebook,4.39811641012816,False
29,Male,YouTube,3.6188243078297297,False
48,Male,Facebook,1.355379216745976,False
52,Other,Snapchat; Facebook,5.094571714274823,False
16,Female,YouTube; Snapchat,7.7981587473633045,True
14,Male,Facebook; Snapchat,6.60482739925612,True
18,Male,YouTube,0.4800655407120944,False
54,Male,Instagram; Facebook,3.0098350268895286,False
16,Other,Snapchat; Twitter,7.4046640735221745,True
41,Female,Snapchat,4.024349980456171,False
30,Other,Facebook,5.296894606465433,False
38,Other,Snapchat,7.3007947647311235,False
56,Female,Facebook; YouTube,6.990357523359045,False
46,Other,YouTube,4.014563004324088,False
22,Female,Snapchat,3.5011704212608166,False
48,Male,Instagram,2.7175409478366968,False
26,Female,Facebook,5.752155545303129,False
43,Male,Instagram; YouTube,2.295894395772346,False
27,Other,Instagram,1.999100851447201,False
20,Other,Facebook; Twitter,2.8499991568302407,False
26,Male,Twitter; YouTube,1.4177204550303362,False
35,Other,Instagram; Snapchat,5.560958527566139,False
52,Female,Facebook; YouTube,4.929925194644898,False
33,Male,Snapchat,3.8630282729267487,False
28,Other,Facebook; YouTube,3.122606234092437,False
57,Male,YouTube,7.272500343173852,False
30,Female,Snapchat; Facebook,0.23299027991284227,False
59,Female,YouTube,6.152861948058393,False
36,Other,Instagram; Twitter,7.21527657399111,False
38,Female,Facebook,3.5708366354394077,False
37,Male,Facebook,4.405523931765174,False
57,Female,Twitter,7.5557095030563035,False
53,Male,Facebook,1.6982201222841153,False
41,Male,Twitter; Facebook,4.161078782277479,False
27,Female,YouTube; Facebook,3.7977690170257032,False
57,Other,YouTube,2.0671411829629607,False
13,Female,Snapchat; YouTube,6.5487458429848635,True
37,Male,Facebook; Instagram,7.196804758105887,False
19,Male,Instagram,6.255460638305671,False
21,Female,Twitter; Snapchat,1.562871686788867,False
36,Other,Facebook,0.6939890840110525,False
13,Other,Snapchat; Instagram,4.843555882442739,True
56,Male,Snapchat,0.4567580840790715,False
20,Male,Snapchat; Instagram,5.382607108464674,False
36,Other,Twitter; Instagram,4.243393762617941,False
23,Female,Snapchat,5.302285861949309,False
29,Male,YouTube,4.721366189197952,False
20,Male,YouTube; Snapchat,3.3816205562173822,False
47,Other,Facebook; Twitter,1.607017441121826,False
47,Female,YouTube,2.4456170864839084,False
45,Other,Twitter,4.196004593751812,False
17,Female,Instagram; Twitter,5.214944749180847,True
54,Female,Facebook; Twitter,6.235864135076228,False
51,Female,Instagram,6.1373657475924865,False
53,Male,Facebook,7.781509946088683,False
40,Other,Snapchat,2.2867315893072755,False
19,Other,YouTube,0.5688856657074943,False
21,Female,Snapchat,2.7652554843348742,False
20,Male,Facebook; YouTube,5.946355801792613,False
24,Male,Snapchat,3.5048932082663615,False
46,Other,Snapchat; Instagram,6.542307444715355,False
45,Male,Twitter,4.39461092148812,False
35,Male,Instagram,7.438333781044024,False
36,Female,Snapchat; YouTube,7.58290753599255,False
49,Male,YouTube; Twitter,0.5544360481499897,False
47,Female,Facebook; Instagram,3.6513075176993945,False
56,Other,Instagram; Twitter,4.877512489996544,False
52,Male,Instagram,2.0469803264977022,False
34,Other,Facebook; Twitter,3.256614235031842,False
39,Other,YouTube; Twitter,5.421452328941586,False
47,Male,Snapchat,1.8138738151868914,False
13,Male,Snapchat,4.8158508237956195,True
47,Other,Instagram,5.5795826253144485,False
49,Male,Twitter; YouTube,0.723970488766934,False
59,Female,Facebook,3.980234528219622,False
26,Female,Twitter; YouTube,2.104640239393526,False
15,Male,Instagram,5.795090847984357,True
13,Other,Twitter; Instagram,1.5164440682955238,True
17,Male,Facebook,7.137903324304851,True
38,Male,Twitter; Facebook,3.447530692146615,False
26,Other,Twitter,1.584024242460428,False
51,Other,Facebook,3.5041743708026347,False
39,Female,YouTube,3.269950102468223,False
21,Other,Snapchat; Twitter,3.4313516759496823,False
27,Female,Facebook,4.684490347979575,False
27,Other,Facebook; Instagram,4.1693897993083,False
38,Male,Twitter; Snapchat,1.1982170534472214,False
54,Female,Twitter; Instagram,0.5246325811730905,False
25,Female,YouTube; Facebook,5.835323589812324,False
44,Female,Snapchat; YouTube,4.477739487426508,False
51,Male,YouTube,2.87200614463411,False
44,Male,YouTube,6.466862579984591,False
16,Male,Facebook,3.1044677940876557,True
42,Male,Twitter; Facebook,6.36772071680486,False
49,Male,Snapchat,2.4460490200989975,False
35,Female,Facebook,0.582762380361598,False
51,Male,Facebook; YouTube,7.4611175503994325,False
57,Female,Facebook,3.156409034250985,False
27,Male,Facebook; Twitter,6.341540582795023,False
55,Other,Instagram,2.2331530657784358,False
41,Female,Twitter; Instagram,5.170920896989248,False
48,Other,YouTube; Instagram,6.986486986061826,False
25,Female,YouTube; Snapchat,0.3331521787198426,False
44,Other,Twitter,6.645086117488714,False
19,Male,YouTube,4.570664039775429,False
34,Male,Facebook; Snapchat,4.859774031268554,False
40,Male,YouTube,4.185264006447861,False
14,Female,Twitter; Facebook,6.995800826269139,True
54,Other,Snapchat,0.3474668578850997,False
57,Male,Instagram; Snapchat,2.088227132286785,False
18,Other,Instagram,7.006100310873243,False
40,Other,YouTube; Twitter,6.018765620255648,False
40,Male,Instagram,0.14116128142884676,False
56,Male,Snapchat; Twitter,4.136050265677669,False
56,Other,Instagram; YouTube,4.236581445701399,False
32,Male,Snapchat,3.207057081023283,False
42,Male,Twitter; Snapchat,2.3791466564959176,False
23,Male,YouTube,5.453798803298737,False
40,Female,Facebook,1.6623237176380306,False
37,Other,YouTube,6.3915884965736485,False
51,Other,Instagram,6.424297286139774,False
45,Female,Instagram; YouTube,3.322091500582564,False
13,Other,Snapchat; Facebook,2.268384087277181,True
39,Male,Facebook; Snapchat,2.2710254527257057,False
25,Other,Snapchat; Instagram,3.858330591969681,False
53,Male,YouTube; Instagram,5.75663379799487,False
15,Female,Facebook,2.87094952795087,True
51,Male,YouTube,4.880346763662012,False
18,Other,Snapchat; Twitter,3.0598756846607547,False
20,Other,YouTube,2.4361855132110666,False
39,Other,Facebook,0.1988761273263533,False
21,Female,Twitter,0.03131284588312511,False
49,Female,YouTube; Instagram,1.8176614226560357,False
45,Other,Twitter,3.2512502944079635,False
54,Male,Facebook; Snapchat,6.810089338896482,False
56,Female,YouTube; Snapchat,6.387873943443403,False
36,Other,Snapchat,2.137322100703919,False
27,Other,Facebook,1.9563235438743947,False
44,Female,Facebook,1.8185765685602195,False
44,Female,Twitter; YouTube,2.713898724230936,False
36,Female,Twitter; Facebook,3.985589756493483,False
53,Male,Instagram,3.509342176252604,False
24,Male,Snapchat; Facebook,1.74618559025195,False
51,Other,Snapchat; Facebook,1.0436112795489443,False
14,Female,YouTube,0.10062249988956307,True
15,Male,Instagram,1.2317059093320308,True
49,Female,Snapchat,5.642850961552946,False
29,Other,Facebook; YouTube,1.9491085547646634,False
14,Male,YouTube,3.7488144809720785,True
14,Male,Instagram; Snapchat,4.730409191385958,True
40,Male,YouTube; Facebook,7.094727222652857,False
35,Other,YouTube; Facebook,7.110840787147356,False
49,Female,Facebook,5.965869869450872,False
44,Male,Snapchat; Twitter,0.2812559363880114,False
45,Other,Twitter; YouTube,4.600563352683319,False
13,Female,Snapchat; YouTube,6.292667766652052,True
31,Other,Snapchat,0.13830435810690567,False
14,Female,Snapchat,4.397476909252626,True
56,Other,Instagram,6.8621131662882355,False
38,Female,Facebook,3.7928166067381355,False
44,Male,Instagram; Snapchat,0.03284962317958762,False
18,Female,Instagram,0.08810686668485967,False
44,Other,YouTube,3.3330882993100044,False
16,Other,Facebook; YouTube,1.2400693393340365,True
23,Female,Snapchat; YouTube,5.3156052567460765,False
29,Male,Facebook; Snapchat,5.670394119249232,False
50,Male,Twitter; Facebook,1.4230383636850288,False
36,Female,YouTube,7.108266308195879,False
17,Female,Facebook,3.535262759831407,True
46,Other,Instagram,1.1427672607353898,False
18,Male,Instagram,6.114012784555164,False
34,Female,Twitter; Facebook,6.319796000134183,False
23,Male,Snapchat; Instagram,5.11436378132366,False
28,Female,Snapchat; YouTube,6.827724425620425,False
45,Female,Instagram,5.8989837762453705,False
21,Male,YouTube,7.057645897815925,False
18,Female,Facebook,3.4711043878838357,False
28,Female,Instagram; Facebook,5.98077702479554,False
41,Other,Facebook,7.998012507432355,False
15,Female,Facebook; Snapchat,5.799449580156954,True
32,Female,YouTube,0.9134702418970573,False
48,Female,Facebook,4.146549779433464,False
31,Other,YouTube; Snapchat,4.6987823299442235,False
38,Male,YouTube; Twitter,1.3936854005711279,False
15,Other,Instagram,7.703133073424301,True
31,Other,Snapchat,1.4046382210769304,False
32,Male,Snapchat; Facebook,1.4204633577057821,False
44,Other,Facebook,7.32133710379644,False
19,Male,Twitter; Instagram,3.7216434649733685,False
53,Other,Instagram; Facebook,0.5055062341961296,False
45,Male,Facebook; Snapchat,4.785499999508229,False
52,Female,Snapchat,4.814610789064383,False
51,Other,Instagram; YouTube,0.5160060694924944,False
30,Other,Facebook; Twitter,7.780179965069296,False
52,Other,Facebook; Snapchat,4.352239722356605,False
13,Other,Instagram; Twitter,4.478365777438114,True
23,Female,Instagram,4.160923316019156,False
40,Other,Facebook; Snapchat,4.88585423715696,False
37,Female,Instagram,2.1143980221900396,False
35,Female,YouTube,2.2979307837987264,False
43,Female,YouTube; Instagram,4.090712718369062,False
42,Female,Instagram,6.4534868381086365,False
54,Male,Instagram; Snapchat,0.39891661195343087,False
47,Male,Facebook,4.827233697761968,False
19,Other,Twitter; YouTube,6.454225140050512,False
28,Male,Twitter,1.2553381762978173,False
38,Male,Facebook; Twitter,0.12018033584453036,False
14,Other,YouTube,2.5017063611316646,True
13,Other,Facebook,4.705149653836785,True
24,Other,YouTube; Twitter,1.1062653872379817,False
17,Male,Snapchat,3.408978967779884,True
49,Male,YouTube; Twitter,4.4185719789942235,False
44,Other,Instagram; Facebook,4.791064758058537,False
21,Female,Facebook,2.195293768003001,False
53,Other,Twitter; YouTube,3.200237087890331,False
47,Female,YouTube; Facebook,6.22671383254047,False
31,Female,Facebook,7.529717552965484,False
28,Other,Snapchat,6.895042648946058,False
15,Other,Facebook,4.514268013867455,True
32,Other,Snapchat,3.2823424235515724,False
36,Male,Instagram; Snapchat,2.6636529149713457,False
45,Female,Snapchat,0.9996525286721445,False
36,Male,Snapchat; Facebook,0.8524099777289038,False
23,Male,Snapchat,5.506860999309262,False
20,Other,Snapchat; Instagram,2.078355329369283,False
48,Male,Instagram,2.0372934914595744,False
50,Other,YouTube,7.985560435822285,False
52,Female,Instagram; Snapchat,1.5034076629903632,False
32,Other,Twitter,1.1844780759106373,False
47,Male,Twitter; Facebook,0.7894818220793649,False
37,Male,Facebook,4.638442761334369,False
47,Other,Twitter; YouTube,5.0229106080168116,False
37,Other,Twitter,2.9218234100550555,False
41,Male,YouTube,4.283306684091742,False
30,Female,Facebook,6.3071962475593,False
58,Female,Instagram,6.544833346573987,False
30,Other,Facebook,7.663296605725186,False
14,Female,Twitter; Snapchat,6.594143887382996,True
47,Male,Snapchat; Instagram,4.518731493739413,False
28,Other,YouTube; Facebook,1.4372557266947679,False
53,Male,Instagram,0.7981084616227392,False
48,Male,Twitter,0.4360951192868736,False
45,Female,Facebook; Twitter,5.33220665428307,False
16,Other,YouTube,6.460290043183945,True
45,Other,Facebook,4.069471605472632,False
26,Female,Instagram,0.4377133986691195,False
33,Male,Twitter,4.283764596730705,False
32,Male,Twitter,7.485994092196403,False
20,Male,Twitter,4.780905527459684,False
19,Male,Twitter,6.475419907702519,False
15,Other,Facebook; Snapchat,6.401221187134005,True
29,Other,Facebook,7.457032798245223,False
45,Female,Twitter,6.161830125198986,False
24,Female,YouTube,5.9816041121047165,False
34,Other,Instagram,1.8728213197651247,False
34,Other,Twitter; YouTube,0.4794012425686516,False
58,Male,Facebook,4.140795720430462,False
42,Male,YouTube,0.9954736635740415,False
50,Female,Facebook,7.69756701022393,False
50,Other,YouTube; Instagram,2.3193981010642286,False
57,Female,Facebook,6.823553627074345,False
20,Other,Snapchat; Facebook,3.1009970016196746,False
39,Male,YouTube; Instagram,2.5855539988590195,False
39,Female,Instagram,7.481268579012969,False
46,Female,Twitter; Instagram,2.906580576689792,False
33,Other,Snapchat,3.1223032693050916,False
42,Male,Facebook; Twitter,0.8487342369032733,False
45,Female,Twitter; YouTube,5.363573322260074,False
40,Male,YouTube,2.310715315820108,False
59,Female,Twitter; Snapchat,4.684833342716058,False
45,Male,Twitter; Snapchat,4.730813632425676,False
17,Other,Twitter,5.753597564766136,True
31,Female,YouTube; Twitter,5.96193188937953,False
16,Female,Snapchat,4.115619475212315,True
47,Male,YouTube; Snapchat,2.647935580827224,False
29,Male,Twitter; YouTube,6.699607158677871,False
56,Female,Twitter,2.4789251952678777,False
40,Other,YouTube; Instagram,4.060072755754652,False
42,Male,Twitter,3.2100206656298242,False
41,Male,Facebook,6.840627087757505,False
58,Male,Twitter,3.4553482491666303,False
18,Female,Instagram; YouTube,3.0887935106998743,False
47,Female,Snapchat; Instagram,5.5185895431811,False
53,Female,Instagram,4.819528878891542,False
49,Female,Snapchat,0.8579746679667686,False
36,Other,YouTube,4.065350450751706,False
41,Other,Twitter; Instagram,5.883827106665981,False
58,Female,YouTube; Twitter,7.93659811673085,False
43,Other,Snapchat,5.033174671762553,False
47,Male,Twitter; Snapchat,2.962344531530542,False
45,Male,Instagram; Facebook,1.8092127984169473,False
33,Male,Instagram,6.982641873226562,False
44,Female,Facebook; YouTube,6.516521696908022,False
35,Male,Facebook,1.871382566235079,False
45,Other,Twitter; Snapchat,1.6050567211725877,False
15,Female,Instagram,5.721094214489405,True
30,Other,YouTube; Snapchat,2.5196164953500757,False
37,Male,Snapchat; Instagram,2.4511903868956626,False
54,Male,Facebook,1.218321976541242,False
43,Male,Facebook; Twitter,2.1118041576786393,False
15,Female,Facebook; Snapchat,3.4200604607411966,True
52,Other,Snapchat,5.862706698179324,False
58,Female,Facebook,2.690464755309998,False
36,Female,Facebook; Instagram,2.6288347158387415,False
44,Male,Instagram,2.2793060204194866,False
59,Female,Instagram,3.826269340088344,False
34,Female,Snapchat; Twitter,1.4450935835305225,False
35,Male,YouTube; Instagram,3.8850458722570043,False
14,Female,Facebook,5.633404449557519,True
39,Male,Snapchat; Instagram,0.23832403226097743,False
54,Male,Instagram,0.07823504244609492,False
14,Male,YouTube; Facebook,0.6009832812360738,True
38,Male,Twitter,4.285280493824897,False
29,Female,Twitter; YouTube,6.835640665483227,False
52,Male,Snapchat; Twitter,0.039075728162015544,False
45,Male,Instagram; Twitter,7.493290436677448,False
21,Female,Snapchat; Instagram,0.8502280925642864,False
55,Female,YouTube,6.73586822446581,False
51,Other,Twitter; Snapchat,3.862838119863574,False
41,Female,Instagram; Twitter,5.274859098230752,False
54,Female,Facebook; Snapchat,4.085463875577459,False
38,Other,YouTube,3.816385801434837,False
47,Female,Facebook; YouTube,6.679195426915132,False
37,Female,YouTube,6.047091036542531,False
36,Female,Twitter,3.8672178921840334,False
25,Female,Facebook,0.8930874351684928,False
19,Other,Instagram; Facebook,0.9232236745152651,False
48,Female,Facebook; YouTube,6.412315685752604,False
57,Female,Facebook; YouTube,4.235124970780268,False
32,Other,Instagram,3.852713121754901,False
13,Male,Instagram,5.444534730885721,True
20,Other,Facebook,6.8707326673140825,False
58,Male,Facebook; Twitter,5.030985155306442,False
28,Other,YouTube; Twitter,6.102783218771832,False
26,Other,Snapchat,6.122164192935656,False
24,Female,Twitter,2.8500915903436725,False
35,Male,Twitter,2.1926655651279656,False
27,Female,Facebook; Instagram,6.409312537401269,False
40,Male,YouTube,3.017430334273948,False
46,Other,Instagram; YouTube,7.2266880521816415,False
14,Other,Snapchat,0.557525573840957,True
44,Male,Instagram; Snapchat,0.4657400966027172,False
35,Female,Snapchat,7.416033280811266,False
34,Female,Snapchat; Instagram,5.187639313451479,False
37,Female,Instagram,3.0367948515866585,False
34,Female,Facebook; Snapchat,6.040483318529462,False
34,Other,Snapchat,5.37861447994913,False
54,Other,YouTube; Snapchat,4.24960837455677,False
18,Other,Snapchat; Twitter,0.7909867413012108,False
27,Other,Facebook; Instagram,6.497436698342012,False
55,Other,Facebook; YouTube,6.928185525444998,False
49,Female,Snapchat,1.3773495084211929,False
45,Female,Snapchat,6.8040932158165335,False
20,Female,Facebook; Twitter,7.022778488132514,False
56,Female,Facebook,4.395428898308128,False
56,Other,Facebook,5.249432289781496,False
17,Other,YouTube,3.057898560115931,True
51,Other,Facebook; YouTube,2.254333180074128,False
16,Male,Snapchat,5.775865175613158,True
18,Female,Instagram,6.895001192126466,False
57,Female,Facebook,5.23262042364598,False
44,Other,YouTube,4.092724885172394,False
42,Female,Instagram; YouTube,1.2713981347533725,False
59,Female,Snapchat; Facebook,0.4276697008385453,False
47,Other,YouTube; Facebook,3.5655343219739715,False
52,Male,YouTube; Twitter,0.3947965095793702,False
28,Male,Twitter; Instagram,4.554677055257801,False
25,Male,Instagram,3.0618335305421702,False
54,Other,Instagram; Twitter,6.057512957455756,False
42,Female,Instagram,2.4451879746894676,False
31,Other,Instagram,4.743861607739457,False
29,Other,Twitter,4.301468174040804,False
31,Female,YouTube; Snapchat,0.037699404177929274,False
40,Male,YouTube,0.5791151861144828,False
38,Male,YouTube; Facebook,2.322945699888164,False
49,Other,Snapchat,7.057880648166121,False
38,Male,Facebook,1.1761196391982285,False
35,Other,Snapchat,5.687154643684333,False
21,Other,YouTube; Twitter,7.786932529218299,False
24,Female,Twitter,6.324540421529242,False
13,Female,Twitter; YouTube,1.9435628934963516,True
13,Female,Snapchat; YouTube,7.266922083304653,True
59,Other,Facebook,0.7448572520671206,False
46,Female,Snapchat; Instagram,3.745135534965886,False
44,Male,Snapchat; YouTube,7.10033526181131,False
37,Male,Instagram; Twitter,5.130125674054958,False
52,Other,Snapchat; YouTube,3.3091565178215907,False
57,Other,Instagram,2.34250293389735,False
13,Female,YouTube,3.0007952425467996,True
28,Other,YouTube; Instagram,4.07153424807429,False
51,Other,Instagram,2.552351438982459,False
17,Male,Instagram,7.751742896658397,True
34,Male,YouTube; Snapchat,7.464621224529161,False
41,Female,Facebook; YouTube,6.965371745714566,False
15,Other,Facebook,3.3746386841812273,True
24,Other,Instagram,5.530414154681831,False
38,Male,YouTube; Snapchat,7.222634456287717,False
28,Other,Twitter; Facebook,6.803435901431424,False
49,Male,Snapchat; Instagram,3.3146161121616613,False
34,Female,Instagram; YouTube,0.8990883945780856,False
41,Male,Facebook,0.6050429106763957,False
26,Other,Snapchat,4.616512361805621,False
40,Female,Facebook,5.141023481687453,False
17,Male,Facebook,6.798740836776193,True
59,Male,Facebook; Twitter,2.3401201627282484,False
42,Female,Instagram; Twitter,1.3397639244003399,False
58,Female,Instagram; Twitter,3.0320466654255958,False
17,Male,Snapchat,2.8286009890582005,True
24,Other,Twitter; Instagram,1.059751632142838,False
28,Male,YouTube; Facebook,5.378261220105217,False
38,Female,Facebook,4.069535525835008,False
38,Male,Instagram,5.76898204891813,False
33,Female,Facebook,2.8215289613578776,False
51,Female,Snapchat; Instagram,2.6056176926216184,False
48,Other,Facebook; Instagram,3.780606824350845,False
45,Female,Instagram,7.019258763161176,False
42,Female,YouTube; Snapchat,0.3222504538718427,False
49,Other,Facebook; Instagram,6.438662538371776,False
35,Female,Instagram; Twitter,2.951900901262052,False
22,Other,Facebook; Snapchat,6.836952206307822,False
17,Other,Facebook,6.417624070686852,True
48,Female,Twitter; Instagram,2.790089979168707,False
46,Female,Snapchat; Facebook,5.551012282572928,False
43,Male,Snapchat; Twitter,1.277062054187521,False
22,Other,Instagram; YouTube,7.170252417310304,False
31,Male,Instagram,3.2359285156152753,False
44,Female,YouTube; Instagram,3.6450049228416015,False
13,Male,Twitter; YouTube,5.646072408295879,True
17,Other,Twitter; YouTube,6.566721893638808,True
57,Male,Instagram; Snapchat,1.8907419466256767,False
16,Other,Instagram; YouTube,5.290801119015963,True
28,Female,Instagram,3.135984351113188,False
36,Female,Facebook; Twitter,2.9496233920316905,False
28,Other,Twitter,5.520206591525238,False
14,Female,Snapchat; Facebook,3.0974661932474747,True
40,Female,Snapchat,2.768868001315261,False
44,Female,Facebook,6.6871072650099395,False
39,Female,Facebook,0.810208990648051,False
32,Other,YouTube,5.407140982641685,False
36,Male,Twitter; Instagram,1.989803150324997,False
24,Male,Instagram; Twitter,0.12398593460952245,False
47,Female,Instagram,1.3341141509815362,False
45,Male,Snapchat; Facebook,4.853292238206942,False
45,Male,YouTube,5.673017531887499,False
55,Female,Instagram; Facebook,0.16846226845056034,False
49,Female,YouTube,0.2914035464137612,False
24,Male,Facebook; YouTube,7.220336918743625,False
15,Other,Snapchat; YouTube,0.5864465449097587,True
13,Female,YouTube; Instagram,7.15345726893257,True
45,Other,Snapchat; Instagram,1.8253273100072462,False
52,Male,Instagram; YouTube,5.920142401265703,False
22,Female,Snapchat; Instagram,2.4778659915680965,False
55,Other,Facebook,6.870016204873471,False
56,Female,Twitter; Snapchat,5.603638923394863,False
41,Male,YouTube; Twitter,3.214507668813561,False
25,Other,Snapchat,0.6104196333926364,False
24,Male,YouTube; Facebook,5.861601470966456,False
43,Male,Twitter; Snapchat,4.935078047721452,False
58,Female,Twitter,0.023293742670309925,False
14,Other,Snapchat; Twitter,0.07535884777956259,True
47,Male,Snapchat,6.4703437855415515,False
35,Male,Facebook; YouTube,2.075197910414831,False
29,Other,Snapchat,5.089069341824525,False
38,Male,Instagram; Facebook,3.6337153581219797,False
20,Male,Instagram,6.907440116174138,False
41,Other,YouTube,7.335688904819909,False
38,Other,Twitter; Snapchat,7.974461701430832,False
22,Other,Instagram; Twitter,1.2294730864579746,False
38,Other,Snapchat; YouTube,6.903712371803803,False
46,Female,Instagram,2.128171013830414,False
53,Other,Facebook,4.7265269991640615,False
19,Female,Facebook,4.046182670953687,False
16,Female,Twitter,0.14390505257910124,True
57,Female,Facebook; YouTube,7.462170239248758,False
23,Male,Snapchat; YouTube,0.6266164411937476,False
41,Female,Facebook; YouTube,5.505751355261887,False
48,Female,Snapchat,6.2800546896660965,False
37,Male,Twitter; Facebook,6.362302792381474,False
33,Male,Twitter; Instagram,1.0839561514307583,False
48,Male,Facebook,3.580559604063777,False
22,Other,YouTube; Instagram,6.635430963471839,False
49,Male,YouTube,2.4214336830300374,False
21,Male,Snapchat; Twitter,3.7419894029973086,False
36,Female,Facebook; Instagram,2.182351141598766,False
47,Male,Facebook; Instagram,3.7084113430825933,False
47,Other,Snapchat; Instagram,7.102703380743041,False
48,Male,Snapchat,3.6409938482621556,False
30,Other,Twitter; Snapchat,4.447296136594563,False
51,Male,Instagram; Twitter,3.2318102664246684,False
44,Male,YouTube,3.680937465626604,False
36,Male,Snapchat,0.1213935923713736,False
35,Male,Snapchat; Twitter,2.269964079683648,False
44,Other,Facebook,3.4926537739345953,False
49,Other,YouTube,5.070375807941831,False
24,Female,Instagram,3.600415444431137,False
25,Other,Twitter; YouTube,2.7025363465725123,False
35,Male,Twitter; Snapchat,3.1047898827532574,False
37,Female,Facebook,1.9383466336037323,False
47,Female,Snapchat,7.395954262192423,False
53,Female,Snapchat; Twitter,4.173945806327317,False
42,Male,YouTube; Instagram,0.10727563097698489,False
29,Other,Instagram,0.1555700673563729,False
32,Male,Snapchat,7.783693079616333,False
37,Female,Snapchat; YouTube,1.7716071309859602,False
34,Male,Instagram; Snapchat,6.444866310514517,False
25,Male,Instagram; Twitter,0.4662024124845958,False
31,Other,Twitter,7.3693018935563925,False
48,Other,Instagram; YouTube,6.995336029333427,False
24,Female,Snapchat,4.5687452994761175,False
53,Male,Twitter,0.07198925826604619,False
31,Male,Instagram,2.0624869921867006,False
24,Other,YouTube; Snapchat,3.2545811791877197,False
21,Male,Twitter,3.680512933980494,False
19,Male,Snapchat; Facebook,2.381430068498976,False
40,Male,YouTube,0.2635829459642398,False
26,Other,Instagram; Snapchat,4.721019247412337,False
43,Female,YouTube,4.1932373415580475,False
31,Female,Twitter; Snapchat,2.2640050834326217,False
59,Male,YouTube; Snapchat,0.3038077405568522,False
28,Female,YouTube; Twitter,7.956753497775521,False
17,Other,Instagram,3.8558894946112474,True
47,Other,YouTube,6.048033934192617,False
24,Female,Facebook,3.618512280410684,False
37,Female,Snapchat; Twitter,0.3453623269035315,False
33,Male,Instagram,2.4768059606840005,False
48,Female,Facebook,2.5608811280472095,False
35,Male,Twitter,6.706823232392128,False
28,Male,Facebook,5.233839823998995,False
51,Other,Facebook; YouTube,2.2034392291157827,False
57,Other,Twitter; Snapchat,7.741919637272688,False
54,Other,Instagram,2.572334659182971,False
51,Other,Instagram,7.985872206629763,False
26,Female,Instagram,7.969309545362106,False
43,Other,Twitter,1.5296841419739344,False
17,Female,Facebook,2.5019289295072014,True
47,Other,Facebook; Twitter,3.8883535878772335,False
35,Female,YouTube,5.312805369183128,False
41,Male,YouTube,4.224379592030394,False
55,Female,Twitter,7.7555317530580545,False
23,Female,YouTube,5.791913313885532,False
30,Other,Instagram; Twitter,1.6963587950637953,False
59,Female,Twitter; Instagram,0.8407804017091065,False
24,Male,Facebook,5.507210325674854,False
21,Male,Snapchat; Instagram,1.267619521446104,False
22,Other,Snapchat; Twitter,6.301414722686033,False
56,Male,Twitter; Snapchat,2.4882933380826957,False
29,Female,Instagram; Snapchat,2.615146104444852,False
50,Male,Twitter; YouTube,0.08638713911609575,False
19,Other,Facebook,5.6080901367603255,False
58,Female,Facebook,0.9061580245174863,False
25,Other,Instagram,6.183044619708145,False
52,Female,Facebook; YouTube,3.9349425753376543,False
54,Male,Twitter,6.274238519636553,False
21,Other,Snapchat; YouTube,4.67141231358193,False
39,Other,Facebook; Instagram,0.659466176151926,False
14,Female,Instagram; Facebook,6.1252186936414645,True
17,Other,Snapchat; YouTube,0.5583958791579979,True
41,Female,Twitter; Instagram,3.829613764554658,False
49,Female,Facebook; Twitter,1.3787937131597063,False
50,Female,Instagram,6.01868142382308,False
31,Female,Twitter; Instagram,7.2927298224490125,False
20,Male,Instagram,4.433009306866194,False
57,Female,Snapchat; YouTube,4.217178354393444,False
13,Other,Instagram,6.1117055706049435,True
34,Male,Instagram,0.040630503805817675,False
29,Other,Twitter; YouTube,7.342069141081286,False
19,Male,Instagram; Twitter,1.5795905367290537,False
37,Female,Twitter; YouTube,7.872951070609898,False
57,Male,Instagram; Facebook,5.890031583683697,False
16,Male,Twitter,6.194009181605368,True
48,Other,Twitter,5.249623842988853,False
18,Other,Snapchat; Twitter,3.7733054622812823,False
43,Female,Twitter; Facebook,4.573021546889324,False
31,Male,Snapchat,0.37122308812100524,False
56,Male,Snapchat,4.991676075456114,False
51,Male,Snapchat,5.008784815896374,False
39,Female,Instagram,7.129606379214476,False
22,Female,YouTube,4.045250859441755,False
38,Female,Snapchat; YouTube,0.6171549926884881,False
31,Female,Twitter,2.4495673638566497,False
51,Female,Snapchat,5.24503529691454,False
15,Other,Twitter; Instagram,1.9140709020117113,True
57,Male,YouTube,2.2442225748432074,False
25,Male,Snapchat,6.563752130886828,False
40,Male,Snapchat; YouTube,4.674557854101672,False
32,Male,Facebook; Twitter,4.06821945418858,False
40,Male,Twitter; Facebook,2.5476157344464347,False
20,Male,Facebook; Snapchat,5.847424287464267,False
53,Male,YouTube,2.3017474759202345,False
51,Male,Twitter,5.896508141153402,False
13,Other,YouTube,0.560811842139536,True
15,Male,Facebook,6.916330732656669,True
25,Other,YouTube; Facebook,3.9965317070074624,False
40,Female,YouTube; Instagram,3.50806413359176,False
37,Male,YouTube,4.888187292335396,False
45,Female,Twitter; Snapchat,4.9935365831701635,False
50,Female,Facebook; YouTube,1.0562814151199644,False
18,Female,Instagram,6.049868718529706,False
56,Other,YouTube,2.2074263836005033,False
57,Female,Twitter,7.239695041359312,False
44,Female,Instagram,6.54280530731866,False
57,Female,Twitter; YouTube,2.770128332277988,False
59,Male,Instagram; Facebook,6.461914345605716,False
33,Male,Snapchat,2.8511239943992335,False
28,Other,Instagram; Facebook,0.807581453088325,False
33,Other,Instagram,7.695105909805664,False
23,Male,YouTube; Facebook,5.22081612172352,False
49,Other,YouTube; Twitter,3.6487962133007334,False
48,Male,Twitter,3.1821868122483172,False
47,Female,YouTube; Instagram,2.597642674066112,False
31,Female,Twitter; Snapchat,7.851580763433034,False
32,Other,Snapchat; Instagram,1.0779781210472592,False
30,Male,Facebook; Snapchat,2.5184404713645465,False
59,Male,Twitter,3.883981122261308,False
53,Other,Instagram; Snapchat,3.8239963604344913,False
26,Male,YouTube; Facebook,3.7709318752627476,False
27,Female,Instagram; Facebook,1.4062705266430546,False
43,Other,Twitter,1.1594602168760044,False
13,Other,Instagram,2.0381406906289605,True
15,Male,Twitter,7.316209230416448,True
28,Other,Twitter; Facebook,0.904423742676081,False
35,Male,Instagram,6.059400826986598,False
23,Male,Snapchat,6.06038714506697,False
24,Male,Snapchat,6.478163231178098,False
22,Male,Twitter,7.092923911914844,False
44,Male,YouTube; Snapchat,2.104289420311442,False
28,Other,Instagram,1.796475754151171,False
20,Female,YouTube,3.7240453322198377,False
50,Female,YouTube; Twitter,2.120713350016289,False
24,Other,Snapchat,5.87447991186486,False
36,Other,YouTube,5.087516613931469,False
40,Female,YouTube; Facebook,6.999901504421212,False
20,Female,YouTube; Twitter,0.6619064278965725,False
40,Female,Snapchat; Instagram,7.320666666864598,False
48,Female,YouTube,2.3467890133607163,False
38,Female,YouTube; Snapchat,3.925554767415872,False
20,Male,Facebook,3.5088914875171495,False
40,Other,Instagram; YouTube,6.082493208835391,False
40,Male,Instagram,3.3626664754547404,False
49,Female,Instagram; YouTube,7.548425165195275,False
53,Female,Snapchat; YouTube,7.220271061108604,False
48,Female,YouTube,6.977289215756052,False
39,Male,Instagram,0.5700666611858232,False
29,Male,Facebook,6.834064492431516,False
21,Female,Instagram; Facebook,6.253083563545684,False
45,Male,Facebook,0.828103576049048,False
32,Male,Instagram,0.859314603489775,False
25,Female,YouTube,0.8093104921403294,False
40,Male,Snapchat,0.09066074563590032,False
41,Other,Instagram,4.3890744415566685,False
25,Other,Facebook,7.787154331488346,False
58,Other,Snapchat,3.5094776231983484,False
47,Other,Facebook; Instagram,4.326060015098851,False
18,Female,Twitter,7.743758374159644,False
30,Female,YouTube,2.0414578301938455,False
17,Female,Facebook,6.867762020786103,True
59,Other,Facebook; Instagram,4.371123737693889,False
37,Other,Twitter,4.555812117304086,False
14,Male,Snapchat; Instagram,2.7453908576582684,True
22,Male,Snapchat,4.492674887735265,False
42,Other,Twitter,0.5851400758262715,False
57,Other,Twitter,6.117148580912898,False
17,Other,Twitter,2.2775020923541733,True
45,Other,Snapchat,7.10086663595164,False
13,Male,Facebook; Twitter,2.9428055568596676,True
30,Other,Snapchat,1.1425928838950608,False
44,Male,YouTube; Twitter,5.56705259494788,False
59,Other,Instagram,1.3166251577080228,False
23,Other,Twitter; Instagram,6.029444124343923,False
33,Other,Snapchat,7.744897891248932,False
38,Male,Facebook,6.236422950362094,False
37,Male,Snapchat,0.1795939874505974,False
34,Female,Instagram,4.799086304422198,False
39,Other,YouTube; Snapchat,5.5632853677577945,False
25,Female,Snapchat; Facebook,6.603666606370282,False
45,Female,Twitter; Facebook,0.44801847151200125,False
46,Male,Instagram,3.840862623618291,False
53,Male,Facebook; Twitter,4.282966981107155,False
47,Female,Facebook; YouTube,1.3529989011534242,False
13,Other,YouTube,2.579598477685197,True
33,Male,Facebook; Snapchat,3.5217738100493214,False
18,Other,Twitter; Instagram,6.665677503662412,False
40,Other,Instagram,7.435260528561655,False
29,Female,YouTube,5.027382631341383,False
17,Female,Twitter,3.159561488171697,True
43,Female,Snapchat,2.0322481423918877,False
17,Female,Facebook; YouTube,7.8570814754892035,True
50,Male,Snapchat; Twitter,7.864159984610867,False
15,Male,Instagram,7.399815585880278,True
35,Female,Snapchat; Twitter,6.285353199022554,False
49,Male,YouTube,2.606236349964946,False
49,Female,Twitter; Facebook,6.536003867981045,False
22,Other,Facebook; Snapchat,3.2703441381693805,False
22,Other,Instagram; YouTube,2.6141847852403615,False
31,Other,Instagram,5.958922867730236,False
29,Female,Snapchat; Twitter,0.6372314209633831,False
33,Other,Twitter,0.38850178636529353,False
26,Male,Snapchat,3.583629577449485,False
21,Other,YouTube,3.565110406577295,False
58,Other,Instagram,7.1651532245106795,False
13,Other,Snapchat,1.0092247703025343,True
57,Male,Snapchat; YouTube,0.9862714196193023,False
25,Female,Instagram; Snapchat,1.1796208037992093,False
16,Male,Snapchat; Twitter,0.23789009035682085,True
13,Female,Snapchat,0.573853902519267,True
52,Female,Twitter,5.278958934632312,False
44,Other,Snapchat; Twitter,3.4526746329400737,False
46,Female,YouTube; Twitter,6.108824536704109,False
40,Male,Twitter,7.940781748653282,False
43,Male,YouTube,5.2722774487920105,False
20,Female,Twitter,0.4036445649609899,False
51,Other,Snapchat,0.8365029180347321,False
38,Other,Snapchat; Instagram,7.048032678517663,False
46,Male,YouTube; Snapchat,4.219967556466092,False
15,Other,Instagram,6.59869727516592,True
24,Female,Instagram,6.852898689799408,False
13,Female,Twitter,7.421396331996154,True
56,Male,Snapchat; Twitter,7.598633643890926,False
17,Female,Instagram,4.43860637202645,True
42,Male,Facebook,2.728161378048271,False
42,Female,YouTube,7.694918994783989,False
29,Male,Twitter; Facebook,4.379251248009802,False
59,Other,Twitter,0.5140217836368883,False
35,Female,Facebook; Instagram,5.14221240047892,False
27,Female,Snapchat,4.701478003160086,False
49,Male,Snapchat,7.166342983157648,False
33,Male,Instagram,5.2254975132625,False
26,Female,Facebook; Snapchat,2.792419395692411,False
14,Male,Twitter,7.7298058056465635,True
23,Female,Facebook; YouTube,6.412955887856269,False
51,Other,Twitter,5.043340947050835,False
50,Male,YouTube,2.343401627224983,False
46,Female,Twitter,2.9883223705143642,False
50,Other,Snapchat,5.359759392773253,False
46,Other,Facebook; YouTube,0.5758465477065737,False
30,Female,Twitter,2.0534447332021077,False
42,Male,Instagram; Twitter,5.711207467172784,False
27,Female,Facebook; Instagram,3.8401480787569673,False
39,Other,Instagram; Facebook,3.219148518515441,False
46,Female,YouTube,1.211660979203316,False
50,Male,Snapchat; Twitter,3.534792275821861,False
45,Other,Facebook; YouTube,6.165535766081871,False
36,Female,Instagram; Twitter,2.112102768575144,False
27,Male,Twitter; Instagram,0.0431883374694193,False
42,Other,Twitter; Instagram,5.348039209207863,False
54,Male,Facebook,7.78101283546042,False
29,Other,Instagram,4.854612508708663,False
17,Female,Facebook,0.9593748714170411,True
41,Male,Twitter,2.5658647387573845,False
16,Other,Instagram; Twitter,6.941132917761787,True
22,Male,Facebook; Snapchat,1.8605445940546286,False
29,Male,Snapchat; Facebook,4.861567227980864,False
22,Female,Instagram,3.2213696660319826,False
29,Male,Snapchat,1.6627497713571922,False
32,Other,Instagram; YouTube,6.507255148517437,False
36,Other,Snapchat; Facebook,5.942650211725522,False
17,Other,Instagram; Facebook,5.292728527674123,True
46,Other,Snapchat,1.8906927221500096,False
18,Female,Twitter,0.7828560217316003,False
14,Male,Instagram; Facebook,4.6092746386077295,True
25,Female,Twitter; Instagram,4.429422668315467,False
55,Male,Facebook,1.507080074678984,False
55,Male,Twitter,0.4499735545213799,False
23,Male,Instagram,0.6456676335518878,False
59,Female,Snapchat; Instagram,7.94216789210187,False
35,Male,Facebook,6.26867115794307,False
28,Female,Snapchat,7.375899807721381,False
43,Other,YouTube,1.5604377778909067,False
23,Other,YouTube; Facebook,7.684548290587481,False
28,Male,YouTube,1.1412348117852966,False
20,Female,Twitter,4.072654628531769,False
16,Other,Instagram,6.637565475336512,True
52,Female,Twitter,2.798426836092635,False
16,Female,YouTube,3.398628265415204,True
37,Male,Twitter,1.0254808823927828,False
15,Other,YouTube; Facebook,0.983375039991782,True
44,Male,Snapchat; Twitter,4.956545798229277,False
15,Male,Facebook; Instagram,5.404258948960454,True
39,Other,Snapchat,6.218660112657546,False
41,Other,Snapchat,4.453456421454028,False
44,Female,YouTube; Facebook,5.166074338090447,False
31,Other,YouTube,0.10813817359776046,False
33,Female,YouTube,1.2973658170975044,False
17,Female,Snapchat; YouTube,7.879318128135237,True
30,Female,Facebook,0.6079480505266543,False
40,Other,YouTube,5.4303057780819595,False
54,Male,Facebook,1.4086610642537298,False
34,Female,Snapchat,5.733748686141135,False
33,Male,YouTube; Twitter,5.647923223695948,False
18,Male,Twitter; Facebook,1.8735924783047215,False
13,Other,Twitter,2.1570751937536334,True
17,Male,YouTube,5.238165708816706,True
53,Male,YouTube; Facebook,3.120688310241709,False
24,Other,Snapchat; Facebook,1.5563837575992903,False
38,Female,Instagram; Facebook,5.853436790299854,False
58,Male,Twitter; Facebook,1.2331801946906733,False
46,Other,Facebook; Twitter,6.845149313159573,False
26,Male,Snapchat,4.11735619241462,False
38,Male,YouTube,0.8456048310344055,False
57,Female,Instagram,5.552578668247875,False
39,Male,Twitter,4.153304316596324,False
21,Other,Facebook; YouTube,2.384460574358476,False
38,Male,Instagram; Facebook,3.3803150417908387,False
59,Female,Facebook,2.38670194869999,False
34,Female,Twitter; Instagram,2.1042066859422723,False
59,Other,Snapchat,1.3088673667496975,False
42,Female,Snapchat,2.902137065099807,False
55,Male,Instagram; Snapchat,2.007897650528566,False
29,Female,Snapchat; Instagram,5.467475896431337,False
38,Other,Facebook,5.471013929306451,False
48,Female,YouTube; Snapchat,4.014721940445107,False
13,Female,Twitter; Instagram,6.2235562197625685,True
20,Female,Twitter; Facebook,6.730717752048386,False
47,Other,Twitter; Instagram,4.638131659474185,False
27,Female,Snapchat; Instagram,4.95148130210747,False
59,Female,Instagram; Twitter,2.2630872782909215,False
34,Male,Instagram; Twitter,7.158953605644158,False
26,Other,Snapchat,0.1936483553802386,False
38,Female,Facebook,2.7888197555427654,False
40,Other,Facebook,5.774403372398848,False
35,Female,Facebook; Instagram,0.6407160773692899,False
26,Female,Snapchat,1.465356219426341,False
36,Female,Snapchat; Facebook,4.714285822902809,False
14,Male,Snapchat,4.4799493717084635,True
57,Male,Facebook,5.91142636904764,False
38,Male,Instagram,6.500901112705375,False
26,Other,Snapchat,1.028636628093353,False
19,Other,Facebook; Twitter,0.1470479182019364,False
15,Male,Instagram,5.517108157271249,True
59,Other,Instagram; Snapchat,2.4111343661308737,False
35,Female,Instagram,5.007871311343629,False
58,Female,Twitter,1.2043567044977976,False
55,Female,YouTube,3.752320373327703,False
59,Male,Facebook; YouTube,4.035397968507495,False
57,Other,Snapchat; YouTube,4.680622530985729,False
30,Male,Twitter; Instagram,4.105360130644515,False
50,Other,Twitter,3.965526161829711,False
47,Female,Snapchat; Instagram,2.6618732318708442,False
27,Male,YouTube,0.5694418905446899,False
37,Other,YouTube; Facebook,0.7161615743747385,False
49,Other,Instagram,3.4702261952572293,False
40,Female,Twitter; Facebook,2.8463450225679443,False
22,Male,Snapchat; YouTube,4.129078437395982,False
51,Male,Facebook; Twitter,2.4387053540501356,False
29,Male,Facebook,5.503280731642595,False
51,Female,YouTube,6.911638576076085,False
34,Male,Snapchat; Twitter,2.3909055102949415,False
38,Female,Twitter; Snapchat,1.5438720635122287,False
56,Female,Twitter,0.929444594032713,False
37,Female,YouTube,4.9300323245665,False
29,Other,Twitter,3.550847929124555,False
25,Male,Snapchat; Twitter,1.5041257375703116,False
32,Male,Instagram; Twitter,5.225093866334843,False
37,Female,Twitter; YouTube,1.1878654640422752,False
16,Female,Facebook,4.43440564678362,True
22,Male,Twitter,4.217187053002117,False
15,Female,Instagram,5.873822409488667,True
53,Male,Instagram; Facebook,0.44087711952533404,False
57,Other,Instagram; Twitter,7.1029834548106425,False
30,Female,YouTube; Snapchat,5.623933809174556,False
59,Male,Snapchat; Twitter,1.7290079867900978,False
48,Female,Snapchat; Facebook,1.4672427888779174,False
59,Male,Instagram; Facebook,3.4532817131502673,False
34,Male,Instagram; Facebook,6.540522636356775,False
46,Female,Twitter; YouTube,6.743599945112857,False
59,Other,Twitter; Instagram,4.163648737115064,False
20,Male,Instagram,6.8864869014939,False
52,Male,Snapchat,0.04354967353352457,False
56,Male,YouTube,0.2813970522527729,False
31,Other,Twitter,7.294572749093942,False
54,Other,Snapchat; Twitter,6.202655439087328,False
53,Female,Facebook; Instagram,3.6056484660030854,False
49,Other,Instagram,6.028881051823897,False
18,Female,Facebook,7.645115693787373,False
38,Female,Facebook; Twitter,6.17671619105028,False
46,Other,Facebook,6.738970670546576,False
57,Female,YouTube; Snapchat,6.084852651120494,False
18,Other,Facebook; Snapchat,1.3456887394683328,False
49,Female,Snapchat,6.668592877165894,False
45,Other,YouTube,1.5608705601936803,False
34,Other,Instagram; Snapchat,7.140890624353176,False
33,Female,Twitter,3.6691991846486074,False
18,Male,YouTube; Facebook,5.415814018488228,False
18,Female,YouTube,3.977926783045148,False
16,Other,Facebook; Twitter,0.7519274353328163,True
42,Male,Instagram; Facebook,2.3257784609653207,False
23,Female,Twitter,7.869854831976048,False
42,Female,Facebook,7.685718013358539,False
43,Female,Twitter; Snapchat,2.563895181244378,False
36,Male,Twitter,7.970374433961807,False
21,Other,Twitter,6.764409563975197,False
15,Female,Instagram,4.8876759954580375,True
43,Female,YouTube,0.32099696208807593,False
52,Female,Instagram; Twitter,7.211574636307036,False
49,Female,Snapchat; YouTube,4.459434234114558,False
48,Female,Twitter,6.947809209622156,False
36,Other,Twitter,6.6754329592459385,False
43,Other,Snapchat,6.664049721608689,False
18,Female,Instagram; Snapchat,5.5853908857192405,False
14,Male,Snapchat,2.331321109408389,True
32,Other,Snapchat,2.689282061956159,False
40,Male,Twitter,2.4677537006614907,False
23,Other,Facebook,0.16036799626051756,False
16,Female,Twitter; YouTube,4.6605512737184895,True
27,Other,Facebook,5.590669363568263,False
18,Female,Snapchat; YouTube,6.830927948201628,False
42,Other,Facebook,1.1213234670618428,False
50,Female,Snapchat; Twitter,4.353465191814414,False
14,Female,YouTube; Instagram,0.06406512539026288,True
27,Female,Twitter,0.7607491816858358,False
23,Female,YouTube; Twitter,0.4336939536479445,False
20,Male,Instagram,5.8038242721238955,False
38,Female,Facebook; Snapchat,0.6484765110208253,False
57,Male,Facebook,5.73162385247032,False
56,Male,YouTube,1.996997635284667,False
17,Female,YouTube; Twitter,7.021703685575516,True
18,Male,Twitter; Instagram,6.505199906910513,False
38,Other,Snapchat; Facebook,7.662641739802212,False
16,Female,Facebook,7.070096123664255,True
31,Male,Snapchat; Facebook,7.466635352930778,False
32,Female,YouTube,6.869939172106462,False
45,Female,YouTube; Facebook,5.547055204918843,False
32,Female,Snapchat; YouTube,1.3620732170034877,False
24,Male,Facebook; Instagram,2.1736601508327436,False
59,Other,Instagram; Snapchat,1.7018157290421847,False
13,Other,Twitter,4.828686301265645,True
38,Male,Snapchat; Facebook,4.028959503788811,False
26,Female,YouTube,6.936639977267389,False
50,Male,Snapchat; YouTube,7.621382931992605,False
49,Male,YouTube; Instagram,3.2388791169451547,False
23,Male,Instagram; YouTube,4.050804426246499,False
48,Female,Twitter,7.772130854433113,False
25,Male,Instagram; Snapchat,2.2099115329851484,False
55,Female,Instagram,6.339126202870509,False
15,Male,Snapchat; Twitter,1.8019192186819701,True
45,Other,Instagram; YouTube,5.451680923402176,False
18,Male,Instagram; Snapchat,2.0289250211085132,False
22,Male,Instagram,7.069867110651095,False
17,Other,Twitter; Instagram,4.4918235498934145,True
35,Female,Facebook,1.4874691269950766,False
22,Female,Instagram,1.7949534055878882,False
56,Male,Facebook,3.950793565664802,False
14,Other,YouTube,7.692816204599031,True
25,Female,Twitter,6.157137311069236,False
52,Male,Snapchat; YouTube,3.906477142606761,False
14,Other,Instagram,2.7017531564977366,True
32,Female,Twitter,4.394147946787541,False
13,Female,Twitter,5.986886667428958,True
49,Other,Snapchat,6.2714287076224,False
21,Other,YouTube; Instagram,2.596870384775557,False
29,Other,YouTube; Snapchat,5.769274145711018,False
21,Other,YouTube,5.262310240289489,False
23,Male,Facebook; Instagram,7.672898335970351,False
27,Other,Snapchat,7.448722324064119,False
36,Female,Snapchat; Facebook,6.315034604828616,False
50,Female,YouTube; Facebook,5.787157510839427,False
47,Male,Instagram; YouTube,2.1923327176342067,False
42,Female,Instagram,6.767722048788267,False
43,Female,Facebook,3.4200456297069293,False
17,Other,Snapchat,2.1779243400483574,True
56,Female,Instagram; YouTube,3.0732860636277,False
26,Male,Twitter; YouTube,6.687483920132063,False
23,Other,Snapchat; Twitter,1.18906572462308,False
21,Other,YouTube; Twitter,3.6492699289585797,False
46,Male,Snapchat; Twitter,3.9388607562359175,False
24,Other,YouTube; Snapchat,0.2930375807905552,False
47,Other,Snapchat; YouTube,1.5659682363853227,False
47,Male,Snapchat; Twitter,6.613939428606852,False
13,Other,YouTube; Snapchat,6.646139108758085,True
52,Male,Twitter,2.339320671073984,False
34,Male,Twitter,6.99917787678341,False
41,Female,Snapchat,6.174263512546783,False
20,Female,YouTube; Twitter,3.3432598703632754,False
23,Other,Snapchat,5.987250755240303,False
53,Other,Snapchat; YouTube,7.69067704955845,False
49,Male,YouTube,3.6717577445227905,False
26,Other,Instagram; Twitter,1.9074174316278691,False
42,Male,Snapchat,7.534532000401247,False
47,Male,YouTube; Snapchat,4.829954308506052,False
33,Other,YouTube; Facebook,0.8421212998434022,False
49,Male,Facebook; Twitter,4.581462526853516,False
17,Female,Snapchat; Instagram,4.00464711558639,True
31,Other,Twitter; Instagram,6.844711152604507,False
26,Female,Snapchat,4.245561518108171,False
38,Other,Instagram,2.0418594747542675,False
16,Male,Facebook; Snapchat,5.405152510919108,True
37,Other,Instagram,4.340603620284641,False
57,Female,Twitter,1.8643570261349796,False
54,Male,Snapchat,4.589022863543263,False
37,Other,Facebook; Instagram,6.572284623117489,False
30,Other,YouTube,0.2285673417920835,False
52,Other,Snapchat; Instagram,5.046808309160894,False
20,Female,Facebook,2.7966815662751365,False
51,Female,Facebook,2.3413715660753933,False
52,Other,Facebook,3.14070200288889,False
26,Male,YouTube; Snapchat,2.7361813139838533,False
44,Male,YouTube; Facebook,6.657912853667533,False
50,Female,Snapchat,2.1983824861432044,False
45,Male,Twitter; Snapchat,5.865224184852683,False
35,Female,Instagram,0.7524785618287098,False
27,Other,Facebook; YouTube,7.611170979875324,False
45,Female,YouTube; Facebook,4.978533097988414,False
37,Female,Snapchat,5.653748616356481,False
29,Other,Twitter; Facebook,2.384314656755608,False
45,Male,Instagram,3.296772549664917,False
59,Female,Snapchat,1.79022709016781,False
14,Female,Snapchat; YouTube,7.460288686417791,True
26,Other,YouTube,3.9048355768110214,False
52,Male,Twitter,5.04358492526392,False
52,Female,Facebook; YouTube,5.8741762442457235,False
51,Other,Instagram,2.9688487287963117,False
18,Female,Snapchat; YouTube,5.76081323631313,False
18,Other,Snapchat,5.4079399180507215,False
15,Male,Instagram; Snapchat,5.645274670991572,True
19,Male,Twitter,3.913839201636903,False
20,Male,Facebook,3.063499058332937,False
54,Male,Twitter; Snapchat,1.7766575056719187,False
27,Female,Twitter,6.597010822407143,False
59,Female,Snapchat; YouTube,4.866800372253429,False
41,Male,Instagram,3.55481756877996,False
45,Male,Instagram; Snapchat,7.551967253684891,False
42,Male,YouTube,0.38271050005631047,False
51,Female,Facebook; Snapchat,6.801375561640381,False
39,Male,Instagram; Facebook,7.980660743567779,False
48,Male,Facebook,7.095536887062939,False
41,Male,Facebook; Twitter,6.483492684925002,False
50,Other,Twitter; Facebook,2.994447947250597,False
45,Male,Instagram,1.850513458098348,False
49,Other,Facebook; Instagram,5.878804163996809,False
39,Other,YouTube; Facebook,2.4366029303085472,False
45,Male,Twitter,1.4083174572397654,False
16,Other,Snapchat; YouTube,6.29220709682873,True
34,Male,Instagram,2.5003492178937776,False
14,Female,Facebook,7.315533835898707,True
22,Female,Facebook; YouTube,6.725061158553002,False
17,Female,Twitter; YouTube,6.781122636074041,True
22,Female,YouTube,6.1725578084466095,False
45,Other,YouTube; Snapchat,7.047051390197893,False
50,Male,Snapchat,6.445975137424961,False
25,Male,Twitter,4.820090908597829,False
43,Male,YouTube,2.3665817486549052,False
59,Female,Twitter; Facebook,7.105673545713192,False
48,Female,Instagram,6.724828982185535,False
57,Male,Instagram; YouTube,3.7830345776843606,False
36,Female,YouTube,0.3126294880156415,False
27,Male,Twitter,5.108349819215308,False
41,Male,Twitter,0.40477482941265386,False
20,Male,Facebook,7.410239694787258,False
17,Male,Twitter,7.693050053002456,True
41,Male,YouTube; Facebook,1.5159211671968338,False
59,Male,Facebook,5.41111502443928,False
16,Male,YouTube,0.7381520365021021,True
24,Female,Instagram,5.836135428584977,False
57,Male,Instagram,2.7783013292213967,False
14,Male,Snapchat,5.448400893843562,True
39,Female,Facebook,2.983012073617423,False
43,Female,YouTube,1.164540078665886,False
48,Female,Twitter,3.248879844020463,False
48,Male,Twitter; YouTube,0.9013882130783202,False
38,Other,Twitter; Facebook,4.615066199815566,False
55,Other,YouTube; Instagram,0.3276122571958382,False
39,Female,YouTube,4.218557436798878,False
17,Other,Facebook; Instagram,7.090949176764327,True
32,Female,Snapchat,6.702986160954902,False
23,Male,Snapchat; Facebook,7.062253597011974,False
22,Other,Facebook,7.376390417016858,False
52,Male,YouTube,0.8362231030055538,False
50,Other,Snapchat,1.0299776230057045,False
18,Male,Instagram; YouTube,4.456054450505029,False
20,Other,Snapchat,7.151781347395434,False
35,Male,YouTube,7.794795652192246,False
59,Male,Instagram; Twitter,0.37009533871999967,False
38,Other,Facebook; Twitter,2.846192673605281,False
58,Male,Twitter,1.7031540372799476,False
55,Male,Instagram; Snapchat,6.047726791449985,False
24,Male,YouTube; Snapchat,5.121550948296256,False
38,Other,YouTube; Snapchat,0.9591042518707633,False
25,Other,Facebook; Twitter,3.868176538919772,False
52,Male,YouTube,5.483524178970331,False
30,Male,Instagram; Twitter,6.232043151392301,False
37,Other,Instagram; Twitter,0.1604216782720682,False
45,Other,Snapchat; Facebook,7.1237565918711185,False
59,Male,Facebook,4.5542510636041955,False
52,Male,Instagram,6.495272919679238,False
55,Male,Instagram,6.4635042401142675,False
24,Female,Twitter; YouTube,1.5188212821677531,False
56,Other,Instagram,0.8813769620290648,False
48,Female,Snapchat,5.770298151790613,False
16,Other,Instagram,1.2514153505729526,True
17,Other,YouTube; Snapchat,6.79949993123779,True
49,Other,Snapchat,5.809515870896841,False
20,Other,Instagram,6.7346029149221005,False
54,Other,Instagram; Facebook,2.3921014368747686,False
40,Other,YouTube,2.5327844832845523,False
43,Other,YouTube,5.369772450770541,False
21,Female,Twitter; Instagram,0.2515676404715803,False
41,Male,Facebook; Twitter,5.811973970699381,False
26,Male,Twitter; YouTube,6.68626456683681,False
52,Female,Instagram; Twitter,3.321308692832832,False
53,Female,Facebook,6.1190306407077495,False
34,Female,YouTube; Snapchat,1.3968873358580955,False
23,Female,Facebook,2.5780831505558774,False
35,Other,YouTube,7.794439704883819,False
13,Male,Instagram,7.89062538848101,True
58,Other,Twitter,4.100840424172704,False
49,Male,YouTube,7.474158331711015,False
33,Male,Facebook; Twitter,4.181845424454837,False
38,Female,Twitter; Facebook,2.3327050252892585,False
58,Other,Facebook; Snapchat,2.1351943047901747,False
48,Female,Twitter,7.43604564294519,False
35,Other,Instagram,1.3795711117908729,False
13,Male,Snapchat; Facebook,4.6370596656145455,True
52,Female,Facebook,4.444200544501757,False
27,Female,YouTube; Snapchat,5.9169734772239595,False
33,Male,YouTube,3.993943260198198,False
59,Male,Twitter,2.1782852856650736,False
21,Male,Snapchat; Instagram,1.3551719970526284,False
21,Female,Instagram,4.966550428047134,False
22,Other,Facebook,5.751926054825865,False
38,Female,Facebook,4.556170229456261,False
53,Other,Instagram; Twitter,5.906810216969558,False
47,Female,Instagram,1.132169619599681,False
37,Female,Twitter,7.059761559545084,False
38,Male,Snapchat,4.659164067268025,False
23,Other,Snapchat; Instagram,1.0147514151407773,False
50,Female,YouTube,3.69540163364588,False
14,Female,Instagram,6.7583339029272915,True
19,Male,Facebook; Instagram,7.180497547625281,False
30,Male,Snapchat; Instagram,2.117196039990092,False
39,Other,Snapchat,5.690126597683625,False
46,Female,Facebook; Twitter,0.7998819798702135,False
39,Other,Facebook,0.2683669712972625,False
29,Female,Facebook,4.483191630559542,False
55,Other,YouTube; Twitter,5.558620634625007,False
56,Male,Twitter; YouTube,6.366293849412016,False
36,Female,Instagram; Twitter,2.7217299076426773,False
37,Other,Snapchat; YouTube,0.052203283431095926,False
19,Male,Twitter,3.8361538968908304,False
18,Male,Snapchat; YouTube,0.12682836298853584,False
36,Other,YouTube; Snapchat,0.7358760853663995,False
45,Female,Snapchat,2.613512180253987,False
41,Female,Facebook,3.4973763964814175,False
55,Male,Twitter,2.2357555298371885,False
34,Female,YouTube,4.654922132037663,False
38,Female,Facebook; Twitter,0.44279831374476153,False
40,Female,Instagram,1.1566376819166777,False
33,Male,Instagram,5.562067206043468,False
19,Other,YouTube,1.1371268287833418,False
29,Female,YouTube,5.11820161256338,False
32,Male,YouTube; Facebook,0.43747696602692443,False
53,Male,YouTube,3.259058232953123,False
32,Other,YouTube; Instagram,1.4192757609694588,False
34,Female,Facebook; YouTube,0.8770902602814914,False
40,Female,Snapchat,4.53626226800982,False
52,Other,Twitter,7.426686176044974,False
19,Other,YouTube; Twitter,0.4382963833883906,False
13,Male,Snapchat; Facebook,3.3724339857442738,True
44,Male,Snapchat; YouTube,5.66028350196355,False
25,Other,Snapchat,3.701502653502616,False
42,Female,Twitter; YouTube,6.451967568841962,False
35,Male,YouTube; Instagram,1.4371625269130535,False
31,Male,YouTube; Instagram,7.676753640221924,False
44,Female,YouTube; Snapchat,3.081301022180324,False
42,Male,Facebook,2.732557063554201,False
41,Female,YouTube,6.996846356025327,False
57,Female,Twitter,4.5109362551341325,False
41,Female,YouTube; Snapchat,4.131554735222572,False
42,Other,Snapchat,5.8158233562274475,False
28,Other,Twitter,4.638673906248723,False
52,Other,Snapchat,1.3001251580569226,False
31,Female,Instagram,5.393580982919437,False
30,Female,YouTube; Snapchat,1.0677510342570278,False
13,Other,Instagram,6.446861642672496,True
26,Male,Twitter,7.917892781698168,False
59,Female,Snapchat; Twitter,3.0191009997982103,False
14,Male,YouTube; Instagram,3.5580471856161004,True
40,Male,YouTube; Facebook,0.37146924386249847,False
42,Female,Instagram; Snapchat,0.10986550466062628,False
50,Female,Twitter; Facebook,7.371354679010621,False
16,Male,Snapchat; Facebook,1.0289924835135364,True
13,Male,Facebook,3.5662299804757627,True
20,Other,YouTube; Facebook,6.522836990844492,False
41,Other,Snapchat; YouTube,7.114550079426556,False
51,Female,Facebook,4.155181482267741,False
15,Other,YouTube,4.520260199807598,True
44,Other,Facebook,5.35747177970618,False
22,Other,Twitter,7.691059761149722,False
22,Other,Twitter; Facebook,4.821359687556041,False
31,Male,Instagram,4.47580207565077,False
58,Female,Facebook; Twitter,0.11627308212792542,False
46,Other,Snapchat,0.6475976161788486,False
45,Male,Facebook; Snapchat,4.61737301299197,False
35,Male,YouTube; Instagram,7.489923102457626,False
40,Male,YouTube,6.93353078719516,False
44,Other,YouTube,7.860631383937637,False
19,Other,YouTube; Facebook,4.222672300490192,False
41,Female,Snapchat; Twitter,6.303447507502135,False
20,Other,Twitter; Facebook,6.723202651914724,False
13,Other,YouTube; Snapchat,5.184253258646894,True
15,Male,Twitter,2.709999233716058,True
36,Female,YouTube; Instagram,3.7598274772623554,False
35,Other,Instagram; Twitter,6.863336577948542,False
20,Other,YouTube; Twitter,2.3883834078573116,False
59,Male,YouTube; Facebook,7.389945050133188,False
49,Male,YouTube; Snapchat,1.8384507313813208,False
15,Other,Twitter,5.9961313212542455,True
45,Female,Instagram,5.044473874765907,False
40,Female,Twitter,5.996795528966098,False
59,Male,Snapchat; YouTube,3.4987805794607585,False
20,Male,Facebook,7.461128500431877,False
46,Other,Facebook,5.059777619291819,False
47,Male,YouTube,2.3063664364340504,False
44,Other,Instagram; Snapchat,5.1076405652171495,False
36,Female,YouTube; Twitter,2.2945259776562494,False
26,Female,Snapchat; Instagram,2.3490591340789937,False
44,Other,YouTube,3.196788092966943,False
58,Male,Twitter,6.819443340552952,False
55,Female,Instagram,4.002382995151936,False
28,Male,YouTube; Twitter,5.431206737841659,False
16,Female,Instagram; Twitter,3.135741922195704,True
49,Other,Instagram; YouTube,2.1088435184550516,False
33,Other,Instagram; Twitter,7.637121285729851,False
26,Other,Instagram,4.828649976984501,False
43,Female,Facebook; Twitter,7.471610708661746,False
30,Male,Facebook; Twitter,1.6273040175865203,False
19,Male,Instagram,1.175153311303462,False
22,Male,Twitter; Instagram,6.846583256991229,False
19,Female,Twitter; YouTube,5.447337700938012,False
45,Female,Facebook; Twitter,1.4926279940291307,False
35,Female,Facebook,2.154877605308302,False
33,Female,YouTube; Facebook,6.405311532202489,False
31,Female,YouTube; Facebook,3.6309489599674887,False
31,Male,Facebook,5.364324052048727,False
48,Female,Snapchat,2.546816177088087,False
41,Female,Snapchat,3.0498396221990136,False
30,Male,Snapchat,7.92570046898484,False
14,Female,Twitter; YouTube,1.9809366973977482,True
13,Male,YouTube; Instagram,4.051651016292112,True
59,Male,Snapchat,6.755218745524258,False
17,Other,Instagram; YouTube,1.9137857093268638,True
32,Other,Instagram; Snapchat,3.3217100534746455,False
23,Other,Instagram; Facebook,4.920730298959906,False
54,Other,Facebook; YouTube,3.84950521180082,False
14,Female,Facebook; Instagram,3.6760181325625396,True
15,Other,Snapchat,2.900077850576989,True
35,Male,Snapchat; Instagram,4.693170622199401,False
24,Female,Instagram; Twitter,4.994981583388882,False
32,Other,Snapchat,5.226316327210901,False
17,Male,Facebook,0.5629448632482346,True
49,Female,Twitter,5.048273405696391,False
50,Female,Snapchat,7.6258974302498626,False
42,Other,YouTube; Twitter,4.327889884224669,False
21,Female,Twitter,5.7221366600739545,False
46,Male,Twitter; Instagram,4.453858462073742,False
56,Female,Twitter; Snapchat,6.83792494873583,False
47,Male,Snapchat; Facebook,7.4366647567805515,False
34,Female,Twitter; Instagram,1.4737591943708743,False
56,Other,Twitter; Snapchat,3.4948802924570126,False
36,Male,Facebook; YouTube,3.1390568074617704,False
29,Female,YouTube,3.2417209863942293,False
22,Female,Facebook,1.0041934498230072,False
42,Female,Twitter,6.508925807845754,False
58,Male,Facebook; YouTube,0.286129944119482,False
35,Male,Instagram,4.225812861817255,False
44,Male,Instagram,5.29502710435753,False
29,Other,Facebook; YouTube,1.6597555044710175,False
29,Other,Twitter,7.246801536790365,False
26,Male,Snapchat; Twitter,6.708393656198345,False
21,Female,Facebook,3.7686698358714024,False
52,Other,Twitter,3.2891914587211097,False
14,Male,Snapchat,1.8925434016888003,True
57,Female,Facebook; YouTube,5.839945797159709,False
37,Other,Snapchat,1.0539503970557131,False
51,Female,YouTube; Twitter,5.441902030750264,False
21,Female,Twitter; YouTube,6.739655888947309,False
34,Female,Facebook,1.8277726073361897,False
55,Female,Facebook,6.9314192231900495,False
58,Other,Snapchat,0.26658559551606764,False
16,Other,Twitter; Facebook,7.302299083092203,True
38,Other,Facebook,0.9468978228103841,False
41,Male,Snapchat; YouTube,5.166073423504261,False
57,Other,Snapchat; YouTube,2.0006597513115345,False
46,Female,Snapchat; YouTube,6.69241912935691,False
35,Other,YouTube; Snapchat,4.098402887323732,False
49,Female,Twitter; Snapchat,1.0819295299720109,False
23,Male,Facebook; Snapchat,4.5679325706078275,False
18,Female,YouTube; Snapchat,3.263060881575865,False
30,Female,YouTube; Snapchat,5.291582532904809,False
33,Female,Instagram,7.055226278107676,False
54,Male,Twitter,3.2751130494673477,False
48,Other,Facebook,2.3190454362708772,False
53,Other,Twitter,0.11612075622087037,False
50,Male,Snapchat,4.598712302878999,False
46,Female,Instagram,3.2181981394514683,False
29,Other,Twitter; Snapchat,2.99719375211863,False
49,Male,Twitter,1.4634825702737002,False
37,Other,Snapchat,3.4404427615301945,False
50,Male,Snapchat; YouTube,7.875535628666946,False
24,Female,Instagram; Facebook,2.3820332293779547,False
35,Other,YouTube; Twitter,4.797635307264802,False
54,Male,Instagram,6.211895050525334,False
34,Other,YouTube,5.993262585412253,False
33,Other,YouTube; Facebook,2.630194299940726,False
39,Other,Snapchat; Facebook,4.886880668134803,False
43,Other,YouTube,6.970117482161258,False
18,Male,Snapchat,0.12357942186462356,False
39,Female,YouTube,3.485874854746461,False
52,Male,YouTube; Twitter,1.7941873459352422,False
46,Male,Snapchat; Instagram,3.1090583231907116,False
24,Male,YouTube,3.327916863801933,False
57,Female,Instagram; YouTube,5.973367718293096,False
19,Other,Twitter; Instagram,0.7505749791635452,False
22,Other,Instagram,4.100671225060084,False
57,Other,YouTube; Twitter,4.513558334389963,False
29,Female,Instagram,3.953260828414435,False
38,Other,Facebook,5.854986024501761,False
33,Female,Twitter,3.070330047254779,False
40,Other,Snapchat,7.559736509120609,False
58,Other,Facebook; Snapchat,3.854427540311531,False
14,Male,Instagram,4.5697112769183805,True
55,Female,Instagram; Snapchat,6.6042465867739955,False
13,Male,Twitter; Instagram,2.2018888474489797,True
48,Male,Snapchat; Twitter,0.6016162301024197,False
38,Male,Instagram,5.66227182689986,False
41,Female,Snapchat; Twitter,3.8640948443870293,False
33,Female,Facebook,7.172034007671958,False
23,Other,Facebook,7.861440389779473,False
52,Male,Snapchat,3.1928748045978335,False
23,Other,YouTube; Instagram,3.3235121300772867,False
48,Male,Instagram,3.2637008176458115,False
51,Female,Facebook,2.596432877847409,False
52,Female,YouTube,6.2534967821311795,False
47,Female,Facebook,6.071966099925821,False
46,Male,Instagram,3.829158964404199,False
59,Female,YouTube,0.35728973103119,False
36,Male,Twitter; Facebook,2.4764744121045874,False
34,Other,YouTube; Snapchat,2.3384243724387,False
17,Male,Snapchat; Instagram,6.488697969602067,True
45,Other,Instagram; YouTube,0.7006045873293978,False
48,Male,Instagram; Snapchat,6.445403032341633,False
59,Other,Snapchat,5.353469217593144,False
32,Female,Facebook; Instagram,5.859531673043594,False
31,Other,Snapchat; Instagram,3.457705500680188,False
47,Female,Instagram; Twitter,5.437806368014066,False
55,Female,Instagram; YouTube,4.872231557655327,False
29,Other,Instagram,6.151841561829036,False
57,Male,Twitter,3.574158675746017,False
55,Male,YouTube; Snapchat,3.7826049991704194,False
46,Male,Snapchat,5.1486097819185614,False
21,Male,Instagram; YouTube,0.8646199493311064,False
38,Male,Snapchat; YouTube,3.4899555869145384,False
14,Female,Snapchat; Facebook,7.775606762078445,True
21,Male,Instagram,0.30041856048036486,False
21,Female,Facebook; Instagram,2.5280377829311504,False
52,Female,Instagram,2.512878552714966,False
29,Female,Snapchat; Twitter,5.067712953886181,False
13,Other,YouTube,0.8464028753931192,True
37,Other,Snapchat,5.028352247030889,False
55,Female,Snapchat,0.7603219252129554,False
52,Other,Instagram; Facebook,0.7596291793466481,False
54,Male,Twitter,5.825466857507858,False
37,Male,Instagram; Twitter,2.5930813906623706,False
51,Female,YouTube,7.819383581709983,False
47,Male,Instagram; YouTube,0.29882349148443943,False
15,Female,Facebook,3.560853309743953,True
49,Female,Twitter; Snapchat,0.9050875013921891,False
56,Male,Snapchat,2.811031734064869,False
56,Other,Twitter,7.985779604872405,False
42,Male,Facebook; Snapchat,7.110740093908254,False
50,Male,Twitter; Facebook,0.38659527084317524,False
46,Female,Twitter,4.506046750605467,False
24,Female,YouTube,5.182578438595486,False
31,Female,Twitter,1.6762769916010054,False
49,Female,Snapchat,1.160844587171602,False
56,Other,YouTube; Instagram,7.235049077324187,False
29,Other,Twitter; Facebook,7.750531531867013,False
22,Other,Instagram; Twitter,7.935142858557135,False
59,Female,Facebook,6.318094189877076,False
24,Female,Snapchat,5.308016555242057,False
28,Female,Facebook,2.7658420175439833,False
36,Other,YouTube,1.3711864985980196,False
31,Female,Facebook; Snapchat,0.6318447949298536,False
20,Male,Snapchat; Twitter,5.546379748411936,False
43,Male,Facebook; YouTube,6.277787321434866,False
33,Female,Snapchat,6.61162921963984,False
29,Male,Snapchat,7.310120026430389,False
35,Male,YouTube; Instagram,7.039436509106989,False
49,Other,Snapchat; YouTube,7.997930178064741,False
28,Female,Facebook,1.9525120877380102,False
18,Female,Instagram; Facebook,6.106460921697685,False
20,Other,Snapchat,4.691676098998381,False
37,Male,Instagram,2.089961059628659,False
30,Male,Instagram,7.855242578295543,False
37,Female,Twitter,7.183184838194017,False
24,Male,YouTube,1.0281253475529315,False
27,Other,Twitter,0.20926673858735878,False
38,Other,Snapchat,5.506646098661415,False
53,Female,Twitter,4.833045030852281,False
57,Other,Facebook,7.4865249928891675,False
38,Other,YouTube,1.8720422972829587,False
59,Female,Facebook; Twitter,0.6751035831598964,False
44,Other,Facebook,2.0737226701758917,False
22,Other,Twitter; Snapchat,0.1514211240917076,False
28,Other,Instagram,0.2871420095114594,False
19,Male,Snapchat,7.318862447366077,False
29,Female,Instagram,2.8161326600150263,False
35,Female,Snapchat,3.286472008077445,False
38,Female,Snapchat; Twitter,0.14697323630483528,False
33,Male,Snapchat; Facebook,2.1641742413747727,False
34,Male,YouTube; Facebook,6.437807869931448,False
19,Female,Facebook; Instagram,4.9239276773337535,False
26,Male,Snapchat,6.0302448086913225,False
27,Female,Twitter; Snapchat,3.5777099263502805,False
19,Male,Instagram; Snapchat,2.47783377401064,False
21,Other,YouTube,3.8624807466269626,False
20,Other,YouTube; Twitter,2.5845685472460094,False
35,Female,YouTube; Instagram,6.711768773392544,False
41,Male,YouTube,2.381389724742766,False
30,Male,Instagram,5.27810912362467,False
43,Other,Twitter,1.0958577784762227,False
42,Other,Instagram; Facebook,5.4949319498792795,False
51,Male,YouTube,7.30639769280027,False
47,Male,Snapchat; Facebook,4.8686652371192665,False
30,Male,Instagram; Twitter,4.478843040275818,False
54,Male,Facebook,7.688946144173122,False
51,Male,YouTube; Snapchat,5.019172442526771,False
29,Male,Snapchat; YouTube,2.0764034661846607,False
26,Female,Snapchat; Instagram,2.3391281907819232,False
43,Male,Twitter; Instagram,5.642453140287418,False
36,Other,Instagram,5.88349275113749,False
47,Female,Snapchat; Instagram,2.4279698543121215,False
56,Male,Snapchat,2.7627518234106416,False
57,Other,Facebook; Snapchat,7.928452069912696,False
46,Female,Facebook; Instagram,0.8156203966422195,False
15,Other,Snapchat; Instagram,3.2371602275207945,True
49,Male,YouTube; Facebook,0.49958024958005964,False
55,Male,Facebook,6.568626895985928,False
52,Male,Snapchat; Facebook,0.738766711563458,False
38,Male,Twitter,5.392058851701689,False
35,Female,Snapchat,0.4518673920278564,False
56,Female,Facebook; Twitter,5.382840302477529,False
51,Other,Twitter,6.744295575421626,False
27,Male,YouTube; Snapchat,3.190572215392459,False
